Hashtag,Count
poshmark,59355
shopmycloset,59297
fashion,28527
style,26083
ad,10887
amazon,10083
stocks,9618
ebay,8809
halloween,7163
rt,6495
news,6472
aliexpress,5304
stockmarket,5123
crypto,4403
investing,4249
nowplaying,4050
nft,3914
deals,3819
bitcoin,3672
jobs,3654
usa,3575
mahsaamini,3550
technology,3547
twitter,3543
nfl,3462
business,3429
nba,3413
travel,3014
cybersecurity,2998
ai,2974
tech,2908
hacked,2887
trading,2832
stock,2788
car,2746
python,2743
sweepstakes,2667
options,2629
deal,2610
hiring,2602
etsy,2536
music,2534
cryptocurrency,2488
marketing,2468
adsb,2390
javascript,2338
investment,2252
finance,2237
nike,2222
gaming,2221
free,2177
btc,2092
earnings,2064
wfh,2045
trending,2034
remotework,1999
worldseries,1993
dowjones,1917
tiktok,1916
nhl,1910
giveaway,1884
photography,1876
sneakers,1868
inflation,1808
nfts,1789
youtube,1781
food,1780
art,1777
womenwhocode,1769
mlb,1760
job,1758
markets,1756
pcas,1755
facebook,1748
opportunity,1730
blockchain,1728
remotejob,1720
money,1696
robinhood,1684
hacking,1680
acorns,1663
tesla,1642
happyhalloween,1626
cloud,1625
golf,1623
nascar,1587
vanguard,1583
data,1583
love,1579
uk,1566
snapchat,1556
forex,1545
unsubscribe,1537
shopping,1535
betterment,1531
amas,1519
stockpile,1516
wealthfront,1515
clink,1514
investor,1500
metaverse,1499
twitch,1483
sports,1459
eth,1446
paypal,1439
twine,1438
realestate,1413
christmas,1410
elonmusk,1404
canada,1397
facebookdown,1396
invest,1391
allyinvest,1389
ukraine,1389
sale,1383
gamblingtwitter,1378
football,1376
stop,1375
retail,1354
nasdaq,1345
amc,1332
adidas,1331
opiran,1331
etrade,1328
apple,1314
stash,1313
basketball,1309
tdameritrade,1305
round,1301
cars,1291
sales,1291
iot,1288
boeing,1282
ransomware,1282
vimeo,1282
health,1268
cnn,1259
digitalmarketing,1259
vintage,1249
clearthelist,1238
marketbreadth,1214
daytrading,1213
innovation,1209
discount,1198
fanduel,1195
arbitrage,1180
disney,1178
bwcdeals,1170
bnb,1169
gold,1166
socialmedia,1162
security,1159
scotradar,1158
layoffs,1156
offer,1143
icloud,1142
radio,1129
investors,1118
xbox,1111
instagram,1095
kellyservices,1093
blackboard,1090
google,1085
hospitality,1084
weaimhigher,1080
win,1080
podcast,1079
contest,1077
dropbox,1077
nftcommunity,1069
lasvegas,1069
jobsearch,1068
beauty,1065
baseball,1060
audio,1060
datascience,1057
layoff,1040
android,1031
optionstrading,1030
fitness,1029
cyber,1026
breakingnews,1023
market,1018
financialmarkets,1014
jackinthebox,1013
mexicogp,1001
metamask,999
stopwarontigray,994
zara,994
jeep,994
lisa,992
homework,985
nintendo,984
discord,980
essaypay,976
nikon,976
jewelry,970
digital,967
blackpink,964
jcrew,964
